titulo,year,accion,comedia,romance,duracion,rating
Reto 044: El regreso de la Galaxia,2010,5,4,2,108,9.2
Reto 047: El regreso de Neptuno,2011,7,10,8,95,9.9
Reto 004: Viaje a Terraza,1981,1,2,1,79,8.9
Reto 055: Viaje a Polar,1990,7,2,6,97,9.9
Reto 026: La aventura de Casa Azul,1999,7,10,8,149,9.9
Reto 064: Noche en los Gemelos,1998,4,6,1,100,8.2
Reto 073: Viaje a Arcadia,2008,10,2,7,90,9.9
Reto 010: La aventura de Terraza,2023,7,1,6,112,8.4
Reto 040: El regreso de Neptuno,2001,10,1,8,147,9.9
Reto 107: El regreso de la Galaxia,1974,1,1,5,109,7.1
Reto 018: Noche en Arcadia,2017,10,6,10,123,9.9
Reto 062: La aventura de los Robots,1998,6,3,1,86,8.0
Reto 011: Viaje a Sofá,1998,7,6,6,101,9.9
Reto 036: La aventura de Arcadia,2016,6,4,1,70,9.6
Reto 089: Noche en Casa Azul,1979,10,3,3,70,9.9
Reto 091: Noche en los Gemelos,2016,9,9,7,95,9.9
Reto 109: Viaje a Casa Azul,2012,9,4,6,117,9.9
Reto 000: El misterio de los Robots,1983,10,5,3,99,9.9
Reto 088: El misterio de Sofá,2009,8,2,3,70,9.8
Reto 104: Noche en Arcadia,2017,4,7,8,103,9.9
Reto 065: Noche en Arcadia,2023,1,9,8,141,9.5
Reto 045: La aventura de la Isla,1987,10,2,3,107,9.3
Reto 031: La aventura de la Isla,1976,6,4,7,122,9.9
Reto 070: La aventura de Casa Azul,1993,3,6,3,153,9.9
Reto 042: Noche en los Robots,1997,2,6,3,73,7.6
Reto 012: La aventura de los Gemelos,2015,1,6,5,117,9.2
Reto 015: El misterio de la Isla,2019,4,8,1,94,8.7
Reto 114: La aventura de Malibú,2021,9,7,8,105,9.9
Reto 076: La aventura de Neptuno,2012,6,10,6,118,9.9
Reto 097: El regreso de los Esquimales,2016,9,6,2,155,9.9
Reto 024: El regreso de los Esquimales,1983,6,10,1,87,7.9
Reto 078: Noche en los Gemelos,2021,1,4,4,134,8.7
Reto 022: Viaje a Polar,1985,6,6,1,127,9.2
Reto 096: Viaje a Terraza,1981,9,2,8,174,9.6
Reto 056: El regreso de Sofá,2009,4,8,9,155,9.9
Reto 110: El regreso de Neptuno,1972,9,5,6,70,9.9
Reto 030: El misterio de Sofá,1972,8,7,4,137,9.9
Reto 053: El misterio de la Isla,2017,5,1,5,98,8.3
Reto 118: Noche en Arcadia,1983,3,2,10,122,7.0
Reto 009: Viaje a los Esquimales,1990,7,5,9,145,9.9
Reto 033: Viaje a la Isla,1974,5,10,3,120,9.9
Reto 025: El misterio de los Esquimales,1987,9,6,2,139,9.2
Reto 069: La aventura de la Galaxia,2013,1,10,7,105,9.6
Reto 028: Viaje a Polar,1991,10,4,3,132,9.4
Reto 098: La aventura de los Robots,2014,5,3,3,93,9.9
Reto 085: El misterio de Arcadia,1999,10,7,5,108,9.9
Reto 005: La aventura de los Gemelos,1994,2,1,5,111,9.7
Reto 090: Noche en Malibú,1993,10,6,3,72,9.9
Reto 068: El regreso de los Gemelos,1995,4,3,4,103,9.9
Reto 039: Viaje a la Isla,1985,10,8,1,129,9.9
Reto 049: La aventura de Neptuno,1970,7,1,10,77,9.9
Reto 035: Viaje a Sofá,2017,9,1,4,125,9.9
Reto 016: El regreso de Arcadia,1977,10,5,9,70,9.9
Reto 066: La aventura de la Isla,1974,1,7,1,107,8.9
Reto 034: La aventura de los Robots,2018,9,6,4,74,9.9
Reto 113: La aventura de la Galaxia,1996,7,1,3,123,9.7
Reto 007: El regreso de Sofá,2005,5,6,5,180,9.1
Reto 043: El regreso de Polar,1979,6,1,7,98,9.6
Reto 072: Noche en Sofá,2013,7,5,5,70,9.9
Reto 067: Noche en los Robots,2025,5,3,8,106,9.8
Reto 083: Noche en los Esquimales,1981,4,5,10,89,9.9
Reto 027: Noche en Sofá,2016,1,8,10,119,8.2
Reto 019: La aventura de los Gemelos,1998,6,2,5,97,9.6
Reto 095: Noche en Malibú,2001,9,6,2,81,9.9
Reto 100: El regreso de Casa Azul,2006,3,5,1,73,8.5
Reto 008: El misterio de Polar,1999,8,1,2,89,9.9
Reto 013: El regreso de Sofá,2011,1,5,8,107,9.1
Reto 084: Noche en Polar,2012,2,10,1,125,8.6
Reto 003: Noche en los Esquimales,2000,1,9,1,70,9.3
Reto 017: La aventura de los Robots,2021,7,8,3,70,9.7
Reto 038: Viaje a los Robots,1974,3,9,7,141,9.9
Reto 117: Noche en Arcadia,1980,10,5,10,115,9.9
Reto 006: La aventura de Malibú,1999,3,2,4,142,7.2
Reto 077: El misterio de la Isla,1991,3,8,5,94,9.9
Reto 111: El misterio de los Esquimales,1994,4,1,8,129,7.3
Reto 094: La aventura de los Robots,2023,9,7,1,77,9.9
Reto 054: El misterio de Neptuno,1993,9,2,6,100,9.9
Reto 050: El regreso de Arcadia,1994,5,10,6,118,9.9
Reto 080: El misterio de los Robots,1988,6,2,5,110,9.9
Reto 046: El misterio de Arcadia,1973,3,1,10,137,9.3
Reto 081: Viaje a la Galaxia,1970,1,10,2,132,9.9
Reto 061: Noche en la Galaxia,1976,10,5,4,98,9.9
Reto 116: Noche en los Gemelos,1987,6,8,1,96,8.9
Reto 079: Noche en la Galaxia,2005,7,3,3,134,9.9
Reto 093: Noche en Sofá,2025,4,3,3,70,9.3
Reto 041: El misterio de la Galaxia,1988,9,2,7,97,9.5
Reto 058: El regreso de los Gemelos,1983,1,2,5,98,7.8
Reto 048: La aventura de Neptuno,2020,3,1,2,115,8.2
Reto 101: La aventura de Casa Azul,1977,10,6,10,70,9.9
Reto 057: La aventura de Polar,1978,2,8,3,102,7.5
Reto 075: La aventura de Arcadia,2009,3,10,6,124,9.9
Reto 032: Viaje a Casa Azul,1973,8,3,8,122,9.9
Reto 112: Noche en los Esquimales,1996,7,7,6,83,9.9
Reto 059: El regreso de la Isla,2003,6,3,3,70,7.7
Reto 063: Viaje a Malibú,1990,8,5,8,144,9.9
Reto 105: El regreso de Terraza,1991,6,1,9,70,9.9
Reto 037: La aventura de Arcadia,1973,4,5,9,83,9.7
Reto 029: Noche en los Robots,1997,3,2,3,140,9.3
Reto 115: El misterio de Malibú,1978,6,9,10,70,9.6
Reto 001: El regreso de los Robots,2014,3,2,7,74,9.8
Reto 052: El regreso de la Galaxia,2009,6,6,8,84,9.9
Reto 021: La aventura de los Esquimales,1999,5,5,8,105,9.9
Reto 002: La aventura de Sofá,1989,5,7,7,99,9.9
Reto 023: Noche en Casa Azul,2014,6,1,9,110,9.3
Reto 103: Viaje a Arcadia,1995,7,2,7,77,8.1
Reto 099: El regreso de los Robots,2025,8,3,3,95,9.9
Reto 087: Noche en los Robots,1979,7,8,9,146,9.9
Reto 108: El regreso de Arcadia,2016,6,8,10,115,9.9
Reto 074: Noche en Neptuno,1978,5,9,1,105,9.7
Reto 086: El regreso de Malibú,1996,7,10,10,105,9.9
Reto 082: El misterio de Sofá,2007,3,6,1,113,8.2
Reto 119: Viaje a Casa Azul,2020,10,7,8,101,9.9
Reto 020: Noche en Neptuno,2011,6,1,2,88,9.3
Reto 060: Noche en Neptuno,2007,10,3,2,80,9.9
Reto 071: La aventura de los Gemelos,1987,1,9,5,70,9.5
Reto 106: La aventura de Terraza,1988,1,9,1,84,7.2
Reto 014: Noche en los Robots,2001,4,6,8,108,9.7
Reto 092: El misterio de Arcadia,2021,8,2,10,98,9.1
Reto 051: El regreso de Polar,2016,6,1,8,105,8.8
Reto 102: Viaje a los Esquimales,1998,4,7,1,102,8.7
